{"cameraMode":{"drawMode":0,"name":"Shaded","section":"Shading Mode"},"sceneLighting":true,"audioPlay":false,"sceneViewState":{"showFog":true,"showMaterialUpdate":false,"showSkybox":true,"showFlares":true,"showImageEffects":true,"showParticleSystems":true},"in2DMode":false,"pivot":{"x":-1.1857713460922242,"y":-1.7568861246109009,"z":1.9407931566238404},"rotation":{"x":-0.358173131942749,"y":0.0005578619311563671,"z":-0.00021399976685643196,"w":-0.9336574077606201},"size":3.5660250186920168,"orthographic":false}